modelo,marca,nombre,modelo_carro,ano_carro,precio,existencias
Bosch FR7DC,Valeo,Discos de frenos,Diamante,1992,438,65
NGK BKR6E,NGK,Filtro de aceite,Th!nk,2001,498,88
Bosch FR7DC,Liqui Moly,Filtro de aire,V70,1998,199,35
Bosch FR7DC,Mahle,Muelles,CR-V,2007,82,8
K&N RF-1000,Energizer,Pastillas de freno,GTI,1995,386,29
Mann-Filter W 920/3,Duracell,Liquido de frenos,Excursion,2000,70,63
Bosch FR7DC,Liqui Moly,Bujias,Bonneville,1986,316,40
NGK BKR6E,Akebono,Pastillas de freno,Touareg,2008,316,66
NGK BKR6E,Fram,Filtro de aceite,Xterra,2011,314,94
Bosch F026400163,Bosch,Rotulas,Silverado,2009,427,94
Denso K20R,NGK,Filtro de aceite,Talon,1994,185,36
NGK BKR6E,Denso,Bomba de agua,Yukon XL 2500,2003,453,55
Mahle OC 328,Champion,Rotulas,Protege,1997,369,91
Bosch FR7DC,Dayco,Muelles,Mustang,2009,341,70
Bosch F026400244,Magneti Marelli,Correa de distribucion,Ram Van B150,1992,106,32
Bosch F026400163,Liqui Moly,Muelles,Explorer,2006,369,59
Fram CA10347,Valeo,Bomba de agua,G-Series G20,1994,95,60
Bosch FR7DC,Fram,Bujias,Amigo,1993,313,90
Mahle OC 328,Continental,Muelles,M-Class,2007,344,17
Bosch F026400244,Dayco,Pastillas de freno,Insight,2000,318,31
Mahle OC 328,Valeo,Liquido de frenos,T100 Xtra,1997,178,11
K&N RF-1000,Sachs,Bujias,Jetta,2012,176,94
NGK BKR6E,Denso,Discos de frenos,Contour,1999,417,75
K&N RF-1000,Akebono,Discos de frenos,Solara,2005,54,94
Bosch F026400244,Sachs,Baterias,Savana 2500,2006,332,74
Bosch F026400163,Bosch,Bomba de agua,NX,1992,399,12
Fram CA10347,Duracell,Correa de distribucion,Passat,1997,214,32
NGK BKR6E,Dayco,Liquido de frenos,Sportvan G30,1994,132,66
Bosch FR7DC,Denso,Bujias,Camry Hybrid,2009,335,95
Mahle OC 328,Continental,Baterias,Camaro,1979,335,31
Mann-Filter W 920/3,Champion,Bomba de agua,Taurus,2002,122,91
Bosch F026400244,Sachs,Bujias,Cougar,1984,260,23
Fram CA10347,Luk,Muelles,Legacy,2005,264,21
Bosch F026400163,Fram,Filtro de aire,Range Rover,1989,121,17
Bosch F026400163,NGK,Baterias,Festiva,1989,441,26
NGK BKR6E,Duracell,Bujias,Transit Connect,2013,62,80
Fram CA10347,Gates,Discos de frenos,Amanti,2006,140,81
Bosch FR7DC,Michelin,Bujias,Savana 1500,2010,117,69
Denso K20R,Liqui Moly,Amortiguadore,Beretta,1995,352,11
Bosch F026400163,Continental,Liquido de frenos,Cougar,1996,148,36
K&N RF-1000,Delphi,Liquido de frenos,Challenger,2008,157,21
Mahle OC 328,SKF,Discos de frenos,Escalade EXT,2008,483,49
K&N RF-1000,SKF,Correa de distribucion,Caravan,1998,361,11
Mahle OC 328,Delphi,Amortiguadore,Tribute,2002,391,1
Mann-Filter W 920/3,Dayco,Amortiguadore,LHS,1999,489,32
Bosch F026400163,Valeo,Rotulas,Escort,1995,55,43
Bosch F026400244,Continental,Bomba de agua,Leganza,1999,364,71
Bosch F026400163,Magneti Marelli,Muelles,Mark VIII,1996,482,62
Bosch F026400163,INA,Baterias,Accent,2010,232,56
Bosch FR7DC,Delphi,Filtro de aire,Mazda3,2005,59,28
Mann-Filter W 920/3,Gates,Liquido de frenos,A8,1997,448,3
Denso K20R,Magneti Marelli,Pastillas de freno,Skylark,1989,154,62
Bosch FR7DC,Mahle,Bomba de agua,Ion,2007,207,29
Mann-Filter W 920/3,Valeo,Rotulas,Mirage,1992,405,51
Bosch F026400163,Michelin,Rotulas,TT,2006,51,99
K&N RF-1000,Magneti Marelli,Bomba de agua,Tundra,2001,62,99
Mahle OC 328,Duracell,Bujias,760,2004,418,85
NGK BKR6E,Dayco,Baterias,Countach,1987,336,73
Denso K20R,INA,Amortiguadore,Range Rover,1989,75,51
Mahle OC 328,SKF,Filtro de aceite,2500,2000,121,2
Mahle OC 328,Denso,Liquido de frenos,Sierra 3500,2007,405,39
Bosch FR7DC,Delphi,Correa de distribucion,Ranger,1984,168,100
NGK BKR6E,Luk,Pastillas de freno,Silhouette,1992,379,18
Fram CA10347,Luk,Filtro de aire,Elantra,1995,101,47
Bosch F026400244,Brembo,Amortiguadore,Safari,1995,155,30
Mahle OC 328,Fram,Muelles,S40,2004,285,9
Bosch F026400244,INA,Pastillas de freno,MX-5,1995,137,92
Mann-Filter W 920/3,Delphi,Muelles,Century,2003,478,40
Mahle OC 328,Duracell,Baterias,Voyager,1995,194,64
Bosch F026400163,Delphi,Filtro de aceite,Yukon XL 2500,2013,394,4
K&N RF-1000,Sachs,Liquido de frenos,Amigo,1994,384,8
Bosch F026400163,Luk,Bomba de agua,F-Series Super Duty,2010,82,43
Denso K20R,Valeo,Rotulas,CLK-Class,2007,301,25
Mahle OC 328,Energizer,Rotulas,Colorado,2004,290,66
NGK BKR6E,Energizer,Filtro de aire,Suburban,2007,237,19
NGK BKR6E,Dayco,Bujias,Versa,2007,103,39
Fram CA10347,Bosch,Bomba de agua,Hombre Space,2000,131,67
Mann-Filter W 920/3,Energizer,Amortiguadore,Grand Voyager,1998,392,29
Bosch F026400244,Gates,Filtro de aceite,Ram Van 3500,2001,134,65
K&N RF-1000,Delphi,Filtro de aceite,Sonoma Club Coupe,1996,321,63
Bosch F026400244,Magneti Marelli,Bomba de agua,XLR,2008,299,88
NGK BKR6E,Energizer,Amortiguadore,Rapide,2010,345,23
Bosch F026400163,Michelin,Baterias,Freelander,2002,127,39
Mann-Filter W 920/3,Fram,Correa de distribucion,Avalanche,2007,108,66
K&N RF-1000,Sachs,Discos de frenos,XC90,2011,265,35
Mahle OC 328,Duracell,Bomba de agua,LS,2006,384,64
Bosch F026400163,Dolz,Rotulas,911,2008,80,51
Mahle OC 328,Sachs,Correa de distribucion,Mazda3,2012,284,38
Bosch FR7DC,Luk,Amortiguadore,RX-7,1983,52,34
Mann-Filter W 920/3,Delphi,Baterias,Corolla,1993,381,66
Fram CA10347,Michelin,Muelles,S8,2002,85,61
Bosch F026400163,Energizer,Pastillas de freno,Sebring,2008,197,57
Bosch F026400244,Dolz,Rotulas,Cavalier,2005,443,17
Mann-Filter W 920/3,Luk,Filtro de aceite,B-Series,2004,375,2
Mahle OC 328,Dolz,Filtro de aceite,Continental,1986,363,72
NGK BKR6E,Valeo,Muelles,F150,2008,493,47
Bosch F026400163,Gates,Filtro de aceite,S-Class,1993,136,4
Bosch FR7DC,Valeo,Filtro de aire,500SEC,1993,270,72
Mann-Filter W 920/3,Liqui Moly,Baterias,Tundra,2009,95,26
Mann-Filter W 920/3,Duracell,Rotulas,SX4,2009,353,7
Bosch FR7DC,Mahle,Bomba de agua,Suburban 1500,2000,314,42
Mahle OC 328,Fram,Baterias,GTO,1964,288,14
Denso K20R,Duracell,Liquido de frenos,Quattroporte,2007,292,76
Mahle OC 328,Bosch,Baterias,Versa,2012,167,46
K&N RF-1000,Dolz,Muelles,S40,2003,87,31
Denso K20R,Champion,Pastillas de freno,Aero 8,2008,218,40
Mahle OC 328,Energizer,Discos de frenos,Sonata,1999,244,23
Denso K20R,Valeo,Baterias,Neon,1995,427,59
Bosch FR7DC,Liqui Moly,Liquido de frenos,Equinox,2005,194,8
Fram CA10347,SKF,Rotulas,Tundra,2009,239,89
Bosch F026400163,Mahle,Correa de distribucion,Eclipse,1991,374,9
Bosch FR7DC,Continental,Bujias,1500 Club Coupe,1997,335,25
Fram CA10347,Brembo,Rotulas,Ascender,2003,233,43
Mann-Filter W 920/3,Bosch,Bomba de agua,Phantom,2010,130,100
Fram CA10347,Energizer,Baterias,FJ Cruiser,2008,385,80
Denso K20R,Sachs,Discos de frenos,Avanti,1963,71,30
Bosch F026400163,Bosch,Rotulas,Routan,2012,381,46
Bosch F026400244,Denso,Bujias,ES,2000,79,87
Fram CA10347,Bosch,Pastillas de freno,Raider,2008,153,83
K&N RF-1000,Continental,Baterias,Silverado 1500,2012,100,79
K&N RF-1000,Duracell,Rotulas,Camaro,2011,239,52
Bosch F026400163,Luk,Correa de distribucion,Jetta,1986,130,76
Denso K20R,Brembo,Amortiguadore,GLK-Class,2010,149,57
K&N RF-1000,Akebono,Rotulas,Corvette,1988,254,33
Bosch F026400163,Fram,Bomba de agua,RL,2006,141,52
Bosch F026400163,Fram,Discos de frenos,Continental,1998,466,65
K&N RF-1000,INA,Filtro de aceite,Pajero,1992,295,53
Mahle OC 328,Gates,Baterias,LX,2009,63,49
Fram CA10347,Denso,Amortiguadore,Mentor,1997,128,29
Bosch F026400163,Energizer,Baterias,Metro,1995,199,58
K&N RF-1000,Brembo,Rotulas,GS,2013,128,20
Mahle OC 328,Magneti Marelli,Filtro de aire,H3,2007,150,35
Mann-Filter W 920/3,Dayco,Discos de frenos,Grand Marquis,1996,343,39
Mann-Filter W 920/3,Dolz,Bujias,RX Hybrid,2012,250,54
NGK BKR6E,Champion,Correa de distribucion,Thunderbird,1988,160,18
Mahle OC 328,Magneti Marelli,Muelles,Vantage,2009,487,97
Denso K20R,Champion,Liquido de frenos,Focus,2013,224,43
Bosch FR7DC,Liqui Moly,Amortiguadore,NV2500,2012,93,8
Denso K20R,Fram,Amortiguadore,SLK-Class,2000,141,31
Bosch F026400244,Liqui Moly,Muelles,Explorer,2002,497,27
K&N RF-1000,Bosch,Bomba de agua,Charger,2010,168,12
Mann-Filter W 920/3,Dayco,Liquido de frenos,Range Rover,2007,361,16
Bosch F026400244,Continental,Pastillas de freno,Rendezvous,2003,143,80
Fram CA10347,Delphi,Muelles,RX-7,1995,406,92
Bosch FR7DC,Dayco,Pastillas de freno,A4,1997,92,62
Denso K20R,Duracell,Baterias,Durango,2005,300,9
Mahle OC 328,Duracell,Correa de distribucion,Jetta,1988,115,81
NGK BKR6E,Champion,Muelles,Tacoma Xtra,1995,303,36
Mann-Filter W 920/3,Liqui Moly,Baterias,9-5,2011,229,23
Mahle OC 328,Valeo,Filtro de aceite,F150,2009,430,59
Mann-Filter W 920/3,Valeo,Rotulas,Leganza,2002,428,68
Mann-Filter W 920/3,Energizer,Muelles,968,1995,215,33
Bosch F026400163,Energizer,Bujias,Dakota Club,2006,427,79
Mahle OC 328,Dolz,Filtro de aceite,RX-7,1986,108,47
Bosch FR7DC,Delphi,Amortiguadore,Sentra,1994,159,84
NGK BKR6E,Magneti Marelli,Filtro de aire,Thunderbird,2005,276,33
Bosch F026400244,Mahle,Baterias,Supra,1992,98,66
Bosch FR7DC,Magneti Marelli,Bomba de agua,Century,1994,234,55
Mann-Filter W 920/3,Champion,Filtro de aceite,Bonneville,1987,336,30
K&N RF-1000,Energizer,Pastillas de freno,Legacy,1994,340,40
K&N RF-1000,Magneti Marelli,Discos de frenos,Azera,2006,361,24
Bosch FR7DC,Sachs,Filtro de aceite,Supra,1993,226,61
Bosch FR7DC,Brembo,Bomba de agua,Protege,2003,359,91
Fram CA10347,Valeo,Rotulas,Sable,1991,403,97
Mann-Filter W 920/3,Magneti Marelli,Muelles,Canyon,2009,386,25
Fram CA10347,Liqui Moly,Amortiguadore,Commander,2009,247,31
Bosch FR7DC,INA,Filtro de aceite,Diamante,1994,232,36
Bosch FR7DC,Akebono,Filtro de aceite,Range Rover,1999,380,21
Mahle OC 328,Akebono,Muelles,CR-V,2006,207,79
NGK BKR6E,Mahle,Liquido de frenos,Excel,1989,169,57
Bosch F026400244,Luk,Correa de distribucion,Tacoma,1998,92,87
Bosch F026400163,Luk,Amortiguadore,Horizon,1978,308,87
Denso K20R,SKF,Pastillas de freno,Explorer,1993,396,63
NGK BKR6E,INA,Muelles,Equus,2013,228,45
Denso K20R,Continental,Liquido de frenos,S60,2004,333,28
Bosch FR7DC,Mahle,Liquido de frenos,Ranger,1988,129,45
Fram CA10347,SKF,Bujias,A4,2003,164,29
Mann-Filter W 920/3,Valeo,Muelles,Malibu,2012,51,22
Mahle OC 328,Magneti Marelli,Amortiguadore,Sparrow,2004,179,62
K&N RF-1000,Denso,Discos de frenos,R8,2012,460,26
Bosch FR7DC,Energizer,Correa de distribucion,Ram 1500,2002,247,3
K&N RF-1000,Energizer,Baterias,Passat,2001,466,12
Bosch F026400163,Energizer,Bujias,Sportvan G30,1995,404,29
Bosch FR7DC,Dayco,Muelles,F-Series,1989,394,6
Mann-Filter W 920/3,Bosch,Discos de frenos,STS,2007,229,32
Fram CA10347,Dolz,Filtro de aire,Lumina,1996,375,52
Mahle OC 328,Luk,Filtro de aceite,Century,1997,90,7
Bosch F026400163,Duracell,Rotulas,DeVille,2004,199,90
Denso K20R,Brembo,Liquido de frenos,CL-Class,2005,254,50
Mahle OC 328,Dayco,Bomba de agua,Mountaineer,2003,457,100
Bosch FR7DC,NGK,Discos de frenos,Passat,2009,201,54
Denso K20R,Liqui Moly,Rotulas,Element,2004,490,61
Bosch FR7DC,Magneti Marelli,Baterias,LS,2000,201,37
Bosch FR7DC,Denso,Bomba de agua,T100,1998,494,28
Denso K20R,Mahle,Discos de frenos,Express 2500,2002,200,64
Bosch FR7DC,INA,Filtro de aceite,Mariner,2009,318,83
Fram CA10347,Dolz,Filtro de aceite,Grand Prix,2002,464,28
Mahle OC 328,Energizer,Rotulas,R32,2009,56,12
Mahle OC 328,NGK,Filtro de aceite,RVR,1994,224,68
Bosch F026400244,Mahle,Rotulas,Optima,2011,215,63
Bosch F026400163,SKF,Rotulas,Grand Prix,1973,358,46
Bosch F026400163,INA,Discos de frenos,IS,2001,455,30
Bosch F026400244,Michelin,Liquido de frenos,MR2,2001,243,65
NGK BKR6E,Duracell,Bomba de agua,C70,2006,389,63
Bosch F026400163,Michelin,Pastillas de freno,Bonneville,1995,477,28
Mahle OC 328,Magneti Marelli,Muelles,Elantra,1998,194,46
Bosch F026400244,Gates,Liquido de frenos,LX,2004,382,96
Bosch F026400163,SKF,Pastillas de freno,3000GT,1992,371,48
Fram CA10347,Duracell,Rotulas,Tacoma Xtra,1996,357,71
Bosch F026400163,Valeo,Amortiguadore,350Z,2005,134,63
Mahle OC 328,Denso,Bujias,Discovery,1996,91,80
NGK BKR6E,Fram,Amortiguadore,Pathfinder,2011,67,48
Denso K20R,Sachs,Baterias,Cavalier,2001,266,93
Bosch F026400163,Duracell,Amortiguadore,Eldorado,2002,55,74
Bosch F026400163,Dolz,Liquido de frenos,Titan,2009,139,56
Denso K20R,Delphi,Correa de distribucion,Cavalier,1996,342,95
Fram CA10347,Magneti Marelli,Baterias,H2,2004,206,73
Fram CA10347,Energizer,Filtro de aire,Sierra,2012,186,55
Bosch F026400244,Magneti Marelli,Pastillas de freno,Vitara,2004,446,20
Bosch F026400244,Denso,Filtro de aceite,Prius,2011,192,56
Mahle OC 328,Dolz,Muelles,MPV,2002,300,9
NGK BKR6E,Akebono,Discos de frenos,Continental,1997,304,98
Mann-Filter W 920/3,Sachs,Liquido de frenos,Rogue,2010,328,32
Mann-Filter W 920/3,INA,Pastillas de freno,Jetta III,1994,351,78
Bosch FR7DC,NGK,Filtro de aire,200SX,1996,94,28
Mann-Filter W 920/3,Duracell,Bujias,Continental Flying Spur,2010,328,65
NGK BKR6E,Denso,Baterias,Swift,1990,204,27
Bosch F026400244,Luk,Correa de distribucion,Metro,1997,80,11
Mahle OC 328,Champion,Discos de frenos,Expo,1993,430,8
Mahle OC 328,Gates,Filtro de aire,3500,2012,173,65
Denso K20R,Mahle,Correa de distribucion,Express 1500,2009,310,91
NGK BKR6E,NGK,Amortiguadore,F350,2012,244,78
Fram CA10347,Delphi,Amortiguadore,GTO,1991,65,87
Bosch F026400244,Valeo,Filtro de aire,6000,1983,472,52
Bosch FR7DC,Michelin,Pastillas de freno,Cavalier,1993,391,33
Bosch F026400163,Gates,Correa de distribucion,Suburban 2500,2001,414,97
Fram CA10347,Continental,Bomba de agua,S-Class,1999,413,62
Fram CA10347,Akebono,Filtro de aceite,Lancer,2008,206,14
Mann-Filter W 920/3,Akebono,Bomba de agua,XK,2006,222,68
Bosch FR7DC,Fram,Filtro de aceite,Taurus,2006,345,58
NGK BKR6E,Fram,Discos de frenos,Celica,1984,451,38
NGK BKR6E,Delphi,Pastillas de freno,Yukon XL 2500,2007,399,3
K&N RF-1000,SKF,Baterias,Astro,1994,348,6
K&N RF-1000,Delphi,Pastillas de freno,Sienna,2011,385,22
Mahle OC 328,Dolz,Filtro de aceite,Pacifica,2006,117,76
K&N RF-1000,Sachs,Bomba de agua,Sephia,1996,357,52
Bosch F026400163,Duracell,Liquido de frenos,Silverado 3500,2003,175,80
Bosch F026400163,Michelin,Amortiguadore,M-Class,2000,56,21
K&N RF-1000,Dolz,Liquido de frenos,3 Series,1993,277,22
K&N RF-1000,Energizer,Bujias,Canyon,2006,351,2
K&N RF-1000,Bosch,Pastillas de freno,A6,1999,497,9
K&N RF-1000,Duracell,Amortiguadore,Legend,1993,378,99
Mahle OC 328,Magneti Marelli,Bujias,Caravan,2011,260,53
Bosch FR7DC,NGK,Bomba de agua,Beretta,1995,131,64
K&N RF-1000,Gates,Bomba de agua,Accord,1998,159,74
Mahle OC 328,Valeo,Filtro de aire,Expedition EL,2008,188,27
NGK BKR6E,SKF,Correa de distribucion,Rendezvous,2003,100,73
Mahle OC 328,Fram,Liquido de frenos,V70,2001,291,86
Mahle OC 328,Denso,Rotulas,968,1993,124,16
NGK BKR6E,Dolz,Pastillas de freno,PT Cruiser,2001,121,25
Mann-Filter W 920/3,Magneti Marelli,Bomba de agua,Bonneville,1967,488,2
K&N RF-1000,Dolz,Correa de distribucion,S-Class,2011,110,91
Bosch F026400163,Liqui Moly,Filtro de aire,Legacy,1994,137,21
NGK BKR6E,Dolz,Liquido de frenos,Ram Van 3500,1997,127,34
Bosch F026400244,Mahle,Filtro de aceite,Town Car,1994,267,78
Denso K20R,INA,Bomba de agua,Eldorado,1994,404,31
K&N RF-1000,Fram,Amortiguadore,GTO,1971,184,66
Bosch F026400244,Michelin,Bomba de agua,Continental Super,2010,235,33
Denso K20R,Duracell,Filtro de aceite,2500 Club Coupe,1996,445,74
Fram CA10347,Valeo,Correa de distribucion,Focus,2003,172,51
Mahle OC 328,Bosch,Baterias,Yukon,1999,196,92
Bosch F026400244,Valeo,Amortiguadore,Regal,1994,392,17
Bosch F026400163,SKF,Muelles,SJ,1988,116,59
Bosch FR7DC,Denso,Liquido de frenos,350Z,2005,220,2
Fram CA10347,Sachs,Bujias,XT,1991,313,57
Bosch FR7DC,Continental,Filtro de aceite,TL,2002,147,92
Bosch FR7DC,Dolz,Filtro de aire,Corvette,1989,495,75
Bosch FR7DC,Denso,Filtro de aire,Z4,2006,212,47
Denso K20R,Delphi,Amortiguadore,LS,2009,358,88
Mahle OC 328,Gates,Bomba de agua,LS,2001,466,82
Bosch FR7DC,Valeo,Bomba de agua,Avenger,2012,492,51
Bosch F026400163,Sachs,Correa de distribucion,760,2004,230,42
K&N RF-1000,Mahle,Liquido de frenos,HS,2012,162,45
Mahle OC 328,Bosch,Correa de distribucion,Prowler,2001,288,14
Denso K20R,Brembo,Filtro de aceite,Laser,1993,203,32
Fram CA10347,Sachs,Amortiguadore,M3,2005,356,44
Bosch F026400244,Bosch,Filtro de aceite,LTD,1986,398,55
K&N RF-1000,Bosch,Amortiguadore,F150,2000,336,89
Bosch FR7DC,Luk,Muelles,Routan,2011,319,85
K&N RF-1000,Akebono,Baterias,Rio,2003,252,56
Bosch F026400244,Mahle,Bomba de agua,Prius,2009,461,88
NGK BKR6E,SKF,Amortiguadore,S-Class,1992,382,37
Fram CA10347,Dolz,Correa de distribucion,IS,2008,294,46
Mann-Filter W 920/3,Magneti Marelli,Liquido de frenos,Forester,2002,78,22
K&N RF-1000,Energizer,Amortiguadore,B-Series Plus,1993,196,54
Bosch F026400163,Dolz,Pastillas de freno,X6 M,2011,462,23
NGK BKR6E,Magneti Marelli,Filtro de aire,R-Class,2009,349,67
Bosch FR7DC,Valeo,Discos de frenos,E150,2003,279,76
Bosch F026400244,Dolz,Bomba de agua,Continental Mark VII,1988,421,16
Mann-Filter W 920/3,Champion,Discos de frenos,Camry,2004,434,32
Bosch F026400163,Fram,Bomba de agua,Highlander,2004,493,9
Bosch FR7DC,Mahle,Baterias,GL-Class,2012,66,94
Bosch F026400163,Delphi,Baterias,Eclipse,2010,205,67
Bosch F026400244,Fram,Amortiguadore,Frontier,2010,311,28
Bosch F026400244,NGK,Filtro de aceite,Alero,2002,85,17
Bosch F026400244,Continental,Correa de distribucion,VUE,2006,490,86
K&N RF-1000,Magneti Marelli,Liquido de frenos,Ram 1500 Club,1999,332,94
Bosch F026400163,Valeo,Muelles,Ciera,1994,447,18
Fram CA10347,Champion,Muelles,Eos,2007,312,27
K&N RF-1000,Energizer,Pastillas de freno,Vitara,2003,81,99
Mahle OC 328,Liqui Moly,Filtro de aire,MKZ,2009,420,26
Bosch F026400163,Gates,Bomba de agua,Veyron,2011,214,6
Bosch FR7DC,Duracell,Filtro de aire,Yukon,1997,82,87
Bosch F026400244,Valeo,Filtro de aire,SC,1992,233,97
Denso K20R,Michelin,Bomba de agua,Tiburon,2003,312,68
K&N RF-1000,Luk,Correa de distribucion,Corolla,2007,93,38
Fram CA10347,Dolz,Bomba de agua,Yukon XL 1500,2004,391,68
K&N RF-1000,Mahle,Baterias,Firefly,1988,405,90
Bosch F026400163,Sachs,Bujias,H1,2001,75,73
Fram CA10347,Denso,Baterias,Beretta,1993,381,74
Mann-Filter W 920/3,Luk,Amortiguadore,Yukon,2011,174,84
NGK BKR6E,Michelin,Bujias,Ram 3500,2010,110,26
NGK BKR6E,Dolz,Bomba de agua,Intrepid,2002,243,91
Bosch F026400244,Energizer,Baterias,L-Series,2002,298,78
NGK BKR6E,Brembo,Filtro de aceite,Vega,1971,493,80
Mann-Filter W 920/3,Dolz,Discos de frenos,Corsica,1992,316,70
Mahle OC 328,Luk,Bomba de agua,GTO,1972,444,91
Denso K20R,Michelin,Rotulas,Aveo,2010,77,22
Bosch F026400244,Liqui Moly,Liquido de frenos,911,1998,433,12
Bosch FR7DC,Gates,Bomba de agua,Express 2500,2011,346,59
Fram CA10347,Dayco,Bomba de agua,911,2002,71,72
Bosch F026400163,Duracell,Amortiguadore,Fleetwood,1996,91,24
Denso K20R,Sachs,Discos de frenos,XC90,2003,173,89
K&N RF-1000,SKF,Bujias,GTI,1986,474,12
Denso K20R,Bosch,Filtro de aire,B-Series,2009,227,28
K&N RF-1000,Continental,Baterias,Sierra 1500,2012,292,41
Fram CA10347,Magneti Marelli,Baterias,SL-Class,2011,241,13
Mann-Filter W 920/3,Energizer,Filtro de aceite,Ranger,1991,442,6
Mahle OC 328,Dolz,Correa de distribucion,Starion,1985,474,45
Bosch FR7DC,Dolz,Filtro de aceite,Ghost,2011,409,41
Bosch FR7DC,Magneti Marelli,Correa de distribucion,Excel,1992,204,23
Bosch FR7DC,Continental,Bujias,QX,2006,376,34
NGK BKR6E,Akebono,Amortiguadore,Land Cruiser,2008,147,56
Bosch F026400244,Sachs,Rotulas,ZDX,2011,192,26
Mann-Filter W 920/3,Magneti Marelli,Baterias,Pajero,1988,371,11
Bosch FR7DC,SKF,Discos de frenos,DTS,2006,166,82
K&N RF-1000,Sachs,Pastillas de freno,Camaro,1975,101,11
Bosch FR7DC,Denso,Bomba de agua,QX56,2009,257,75
K&N RF-1000,SKF,Discos de frenos,F150,1999,248,37
NGK BKR6E,Magneti Marelli,Bomba de agua,Villager,1994,187,43
Denso K20R,Duracell,Discos de frenos,Genesis,2010,222,95
Bosch FR7DC,Continental,Pastillas de freno,Grand Caravan,2003,280,8
Bosch FR7DC,Magneti Marelli,Correa de distribucion,Eclipse,2001,436,27
Bosch F026400163,Duracell,Pastillas de freno,929,1989,280,80
Bosch F026400163,Continental,Baterias,Accord,2002,497,6
Mann-Filter W 920/3,Brembo,Correa de distribucion,ES,2002,126,14
Bosch FR7DC,Brembo,Filtro de aceite,Ram Van 2500,1996,231,61
Mahle OC 328,Brembo,Bomba de agua,Rendezvous,2006,442,73
Bosch F026400244,SKF,Correa de distribucion,Sonoma,2001,317,17
NGK BKR6E,Akebono,Baterias,Savana 1500,2008,261,2
Mann-Filter W 920/3,Dolz,Bujias,IS,2002,93,54
K&N RF-1000,Duracell,Rotulas,Amanti,2008,373,77
Fram CA10347,Dayco,Filtro de aceite,Sienna,2006,401,86
Mann-Filter W 920/3,Champion,Amortiguadore,Tacoma Xtra,2002,248,87
Mahle OC 328,Akebono,Filtro de aceite,Firefly,1990,228,47
Fram CA10347,Mahle,Bomba de agua,G25,2011,499,75
Bosch F026400244,Energizer,Discos de frenos,6 Series,2006,290,24
Fram CA10347,Dolz,Discos de frenos,NSX,1995,313,28
Denso K20R,Michelin,Bomba de agua,Swift,2001,438,87
Denso K20R,Continental,Discos de frenos,Maxima,2004,81,77
Bosch F026400244,Sachs,Baterias,Camaro,1992,341,66
Fram CA10347,Valeo,Pastillas de freno,Colt,1989,377,71
Fram CA10347,Valeo,Rotulas,Capri,1986,140,4
Denso K20R,Continental,Amortiguadore,S-Class,2001,402,43
Denso K20R,Continental,Amortiguadore,9-3,2004,348,20
Mahle OC 328,Denso,Discos de frenos,940,1993,326,18
Mahle OC 328,Luk,Pastillas de freno,750,2006,266,51
Denso K20R,Delphi,Discos de frenos,Karif,1990,260,22
Fram CA10347,Delphi,Correa de distribucion,A8,1999,463,83
Bosch F026400163,Fram,Bujias,RAV4,2003,291,3
Denso K20R,Bosch,Baterias,Eldorado,1995,185,88
Fram CA10347,Denso,Baterias,Ram 3500,2010,483,35
Bosch FR7DC,Liqui Moly,Liquido de frenos,Land Cruiser,2011,248,17
NGK BKR6E,Akebono,Liquido de frenos,Ram Van 2500,2001,357,16
Bosch F026400163,Champion,Baterias,500SL,1992,373,8
Bosch FR7DC,Brembo,Correa de distribucion,V50,2011,328,87
NGK BKR6E,Sachs,Correa de distribucion,Outlander Sport,2011,120,74
Mann-Filter W 920/3,Magneti Marelli,Correa de distribucion,Avalon,2009,221,81
Bosch F026400163,Michelin,Bujias,V12 Vantage,2012,212,47
Mahle OC 328,Akebono,Filtro de aceite,Aztek,2005,300,93
Bosch FR7DC,Denso,Baterias,B-Series,2000,352,66
Mann-Filter W 920/3,Champion,Bomba de agua,CLK-Class,2007,191,17
Bosch FR7DC,Gates,Discos de frenos,X6,2011,211,97
Bosch F026400244,Mahle,Liquido de frenos,Club Wagon,1996,352,34
K&N RF-1000,Bosch,Filtro de aire,Montero,1994,286,62
NGK BKR6E,Champion,Pastillas de freno,Galant,2001,114,6
Bosch F026400244,Luk,Pastillas de freno,Camaro,1978,271,39
K&N RF-1000,Denso,Filtro de aceite,Arnage,2008,241,15
NGK BKR6E,Champion,Muelles,XC90,2008,69,4
Bosch F026400244,Dayco,Correa de distribucion,Cobalt,2008,192,40
Fram CA10347,Bosch,Rotulas,Sable,2005,276,63
Bosch FR7DC,NGK,Amortiguadore,Swift,1994,325,85
Fram CA10347,Luk,Bujias,Discovery Series II,2000,300,91
Mann-Filter W 920/3,Gates,Muelles,430,1989,153,94
Bosch FR7DC,Gates,Rotulas,3 Series,1993,410,48
Bosch F026400244,Valeo,Baterias,Prelude,1984,439,25
Bosch FR7DC,Magneti Marelli,Liquido de frenos,Cressida,1992,450,5
Fram CA10347,Fram,Filtro de aceite,Focus,2013,479,44
K&N RF-1000,SKF,Correa de distribucion,Tiburon,2007,400,34
Fram CA10347,SKF,Amortiguadore,C-Class,1998,193,51
Bosch F026400163,Champion,Muelles,Grand Caravan,2001,88,26
Denso K20R,Dayco,Correa de distribucion,M5,2006,136,83
NGK BKR6E,Brembo,Filtro de aceite,Express 3500,2007,393,64
NGK BKR6E,Fram,Amortiguadore,RAV4,2006,226,13
Bosch FR7DC,Fram,Filtro de aceite,S40,2008,148,10
Fram CA10347,Sachs,Bomba de agua,Z4,2009,134,92
Bosch F026400244,NGK,Rotulas,Tucson,2011,78,63
Mann-Filter W 920/3,Fram,Correa de distribucion,Windstar,1995,257,86
Fram CA10347,Liqui Moly,Correa de distribucion,Suburban 1500,2000,142,39
K&N RF-1000,Gates,Muelles,MKZ,2011,323,74
K&N RF-1000,Gates,Pastillas de freno,A3,2009,306,44
Mahle OC 328,Michelin,Correa de distribucion,911,1987,209,58
K&N RF-1000,Dayco,Amortiguadore,300M,2003,398,63
Mann-Filter W 920/3,Continental,Baterias,Grand Marquis,1989,84,95
Mahle OC 328,Duracell,Amortiguadore,Space,1994,141,23
Fram CA10347,Magneti Marelli,Filtro de aceite,MDX,2011,102,40
NGK BKR6E,Sachs,Amortiguadore,S10,2002,236,94
Mann-Filter W 920/3,SKF,Muelles,9-5,2010,361,13
Mann-Filter W 920/3,Mahle,Correa de distribucion,CL-Class,2005,476,97
Bosch FR7DC,Magneti Marelli,Discos de frenos,Jimmy,2000,127,100
Bosch FR7DC,Fram,Filtro de aire,Diablo,1994,430,57
Bosch F026400163,Magneti Marelli,Amortiguadore,XK Series,2003,466,93
Denso K20R,INA,Pastillas de freno,Savana 1500,2003,403,13
NGK BKR6E,Delphi,Baterias,Prowler,1999,389,83
Bosch F026400163,SKF,Filtro de aceite,Blazer,1997,432,82
K&N RF-1000,Continental,Filtro de aceite,V40,2003,143,55
Denso K20R,Fram,Filtro de aceite,MP4-12C,2012,80,1
Mahle OC 328,NGK,Pastillas de freno,Grand Caravan,2012,139,76
K&N RF-1000,Magneti Marelli,Rotulas,CLK-Class,2000,366,3
Bosch F026400163,Duracell,Bujias,S-Class,1996,418,86
Mann-Filter W 920/3,Fram,Bujias,3 Series,2001,301,32
Mann-Filter W 920/3,NGK,Amortiguadore,Camaro,1969,349,55
Fram CA10347,SKF,Muelles,MKX,2012,221,12
Fram CA10347,Dayco,Bomba de agua,Continental,2009,90,2
Mann-Filter W 920/3,Fram,Correa de distribucion,3500 Club Coupe,1993,399,18
Bosch F026400163,Luk,Liquido de frenos,A8,2010,158,2
K&N RF-1000,INA,Liquido de frenos,Malibu,2006,343,11
NGK BKR6E,Liqui Moly,Liquido de frenos,QX,2009,100,72
Denso K20R,NGK,Filtro de aceite,Eurovan,2001,279,53
Bosch F026400244,Akebono,Filtro de aceite,Diamante,1999,334,22
Fram CA10347,NGK,Correa de distribucion,Aerostar,1990,326,48
K&N RF-1000,Champion,Discos de frenos,E350,2011,58,9
Fram CA10347,Fram,Rotulas,Ranger,2005,395,61
Bosch FR7DC,Fram,Muelles,Bonneville,1984,74,68
Bosch FR7DC,Dolz,Bomba de agua,Murci√©lago,2010,320,70
Bosch F026400163,Bosch,Amortiguadore,G,2009,370,58
Fram CA10347,Akebono,Correa de distribucion,C30,2012,228,13
Bosch FR7DC,Valeo,Correa de distribucion,A7,2012,164,71
Denso K20R,Energizer,Pastillas de freno,Silverado 1500,2000,318,36
Bosch F026400244,Energizer,Filtro de aceite,Brooklands,2009,334,62
Fram CA10347,SKF,Liquido de frenos,Discovery,2010,444,52
Mahle OC 328,Liqui Moly,Liquido de frenos,Ion,2004,358,51
Mann-Filter W 920/3,Brembo,Bomba de agua,300SL,1993,441,71
Denso K20R,Continental,Filtro de aceite,Durango,2001,59,89
Mann-Filter W 920/3,SKF,Filtro de aire,SSR,2005,311,35
Mann-Filter W 920/3,Magneti Marelli,Correa de distribucion,LS,2000,334,5
Mann-Filter W 920/3,Champion,Bomba de agua,Jetta,1990,56,68
Bosch F026400244,Mahle,Amortiguadore,MR2,1985,474,52
Mann-Filter W 920/3,Fram,Rotulas,Savana 3500,1998,292,75
Bosch F026400244,Valeo,Muelles,Lumina,2001,334,31
Mann-Filter W 920/3,Denso,Rotulas,RL,1998,304,8
Bosch F026400163,Energizer,Baterias,Ranger,1992,494,53
NGK BKR6E,Energizer,Filtro de aire,Blazer,2003,62,77
NGK BKR6E,Sachs,Filtro de aire,Ram 1500,2009,372,36
Bosch F026400163,Mahle,Muelles,Premier,1992,475,36
K&N RF-1000,INA,Amortiguadore,xD,2011,411,76
NGK BKR6E,Mahle,Filtro de aire,98,1992,142,57
Mann-Filter W 920/3,Champion,Filtro de aire,LX,2004,255,83
Mahle OC 328,Sachs,Rotulas,Cube,2011,254,72
Denso K20R,Dayco,Liquido de frenos,LS,2000,289,68
Denso K20R,Brembo,Bomba de agua,Pathfinder,2009,67,77
Mahle OC 328,SKF,Correa de distribucion,Express 2500,1999,197,50
Bosch FR7DC,Mahle,Bomba de agua,C70,2010,69,6
Denso K20R,Gates,Rotulas,Beretta,1996,357,46
Mann-Filter W 920/3,Fram,Bujias,STS,2008,327,38
Bosch F026400244,Dayco,Pastillas de freno,Mustang,1991,64,47
NGK BKR6E,Dayco,Discos de frenos,911,1989,321,25
Bosch FR7DC,Energizer,Correa de distribucion,Express 2500,1997,332,43
Fram CA10347,Gates,Liquido de frenos,Celica,2004,310,36
Bosch FR7DC,Luk,Bujias,Bonneville,1999,397,43
Mann-Filter W 920/3,Dayco,Pastillas de freno,MX-5,1996,417,28
NGK BKR6E,Liqui Moly,Rotulas,Sentra,2010,154,81
Mahle OC 328,NGK,Amortiguadore,EX,2012,171,65
Bosch F026400163,Brembo,Correa de distribucion,Silverado 3500,2011,217,51
Bosch F026400244,Gates,Muelles,Catera,1997,51,43
NGK BKR6E,Fram,Filtro de aire,Cobalt SS,2008,459,34
Mahle OC 328,Dolz,Amortiguadore,Ram Van 1500,1996,391,24
K&N RF-1000,INA,Filtro de aire,9-5,2000,189,28
Denso K20R,Delphi,Bujias,Routan,2012,145,97
NGK BKR6E,Sachs,Filtro de aceite,Civic,2002,299,87
Bosch F026400163,Luk,Bujias,Malibu,1997,438,30
Fram CA10347,Delphi,Muelles,IS-F,2011,456,96
Bosch F026400163,Energizer,Discos de frenos,MR2,1987,422,11
Mann-Filter W 920/3,Bosch,Filtro de aceite,Suburban,2011,439,76
Bosch FR7DC,Luk,Baterias,S-Class,2006,323,27
Denso K20R,Akebono,Amortiguadore,riolet,1996,440,69
Mann-Filter W 920/3,Dayco,Pastillas de freno,Corrado,1992,82,37
Fram CA10347,NGK,Amortiguadore,Q7,2008,438,61
Bosch F026400244,Champion,Liquido de frenos,Contour,2000,110,36
Bosch F026400244,Continental,Liquido de frenos,Navigator,2003,448,51
Denso K20R,Valeo,Filtro de aceite,SLK-Class,2001,70,74
Mahle OC 328,Liqui Moly,Discos de frenos,FX,2007,203,42
Denso K20R,Valeo,Pastillas de freno,Camaro,1973,251,21
Fram CA10347,Continental,Filtro de aceite,SL-Class,1986,333,53
Fram CA10347,Mahle,Correa de distribucion,Malibu,2004,85,70
Bosch F026400244,Delphi,Bomba de agua,Esprit Turbo,1984,253,77
Denso K20R,Energizer,Discos de frenos,RAV4,1997,396,64
NGK BKR6E,Sachs,Bomba de agua,Firebird,1995,62,15
Mann-Filter W 920/3,Magneti Marelli,Bomba de agua,Intrepid,1997,137,8
Bosch FR7DC,Denso,Baterias,G-Series G20,1993,72,87
Bosch F026400163,Gates,Bujias,Talon,1993,342,39
Bosch FR7DC,Champion,Bomba de agua,Liberty,2008,239,81
Fram CA10347,Michelin,Liquido de frenos,CR-X,1984,170,34
Mann-Filter W 920/3,Delphi,Correa de distribucion,Cordia,1985,475,53
Denso K20R,Brembo,Baterias,M,2007,370,65
Mahle OC 328,Luk,Discos de frenos,X6 M,2011,111,31
Bosch F026400163,Brembo,Pastillas de freno,Intrigue,2001,429,15
Bosch F026400244,Fram,Pastillas de freno,9-5,2009,318,12
K&N RF-1000,Magneti Marelli,Filtro de aceite,Grand Prix,1983,481,11
K&N RF-1000,NGK,Pastillas de freno,Tredia,1985,92,18
Fram CA10347,Valeo,Discos de frenos,Camaro,1982,246,62
Bosch FR7DC,Duracell,Rotulas,Concorde,2001,293,76
Fram CA10347,INA,Bomba de agua,CL-Class,2010,260,14
NGK BKR6E,Continental,Filtro de aceite,Edge,2011,227,29
Bosch F026400163,Valeo,Filtro de aire,Navigator L,2008,69,80
Mahle OC 328,Sachs,Bujias,Fleetwood,1996,52,96
Bosch F026400163,Delphi,Baterias,X6 M,2012,140,1
Mahle OC 328,Champion,Muelles,Safari,2003,161,39
Mahle OC 328,Brembo,Muelles,Sportage,1996,324,26
Mahle OC 328,Duracell,Muelles,Sonoma,1994,426,44
Bosch F026400244,Valeo,Liquido de frenos,Mazda3,2012,364,71
NGK BKR6E,Dolz,Liquido de frenos,Forenza,2006,157,38
NGK BKR6E,Dolz,Filtro de aceite,Endeavor,2008,100,7
K&N RF-1000,Akebono,Muelles,626,2001,328,22
NGK BKR6E,Champion,Discos de frenos,F350,2001,406,82
Bosch F026400163,Gates,Filtro de aire,SLR McLaren,2005,453,97
Denso K20R,Dolz,Bujias,NX,1993,117,20
Mahle OC 328,Gates,Rotulas,XL-7,2006,471,88
NGK BKR6E,Denso,Correa de distribucion,Aerostar,1995,182,23
Bosch F026400244,NGK,Bujias,NV2500,2012,417,12
Bosch F026400163,Continental,Muelles,Grand Am,1990,81,50
NGK BKR6E,Luk,Filtro de aceite,Titan,2005,402,2
Bosch F026400163,Luk,Bomba de agua,A6,2009,145,43
Bosch F026400163,Michelin,Liquido de frenos,Uplander,2005,173,76
Bosch F026400244,Duracell,Pastillas de freno,Nuova 500,2012,329,74
Bosch F026400244,Delphi,Amortiguadore,Corolla,2001,65,5
Mahle OC 328,INA,Amortiguadore,Amanti,2008,359,12
K&N RF-1000,Michelin,Correa de distribucion,Bonneville,1997,264,48
Mahle OC 328,Gates,Filtro de aceite,Town & Country,1996,129,44
Denso K20R,SKF,Liquido de frenos,Cabriolet,1998,493,83
Fram CA10347,Duracell,Correa de distribucion,Topaz,1993,485,18
NGK BKR6E,Luk,Rotulas,Tahoe,2012,393,97
Denso K20R,Michelin,Baterias,Spyder,2005,74,13
NGK BKR6E,Denso,Amortiguadore,Z4,2012,293,56
Mann-Filter W 920/3,Champion,Pastillas de freno,Aerostar,1993,134,41
Bosch F026400244,Champion,Liquido de frenos,T100,1997,410,20
Fram CA10347,Dayco,Correa de distribucion,Sunfire,2003,99,90
Fram CA10347,NGK,Bujias,G,1996,314,5
Bosch F026400163,Fram,Filtro de aire,Continental Flying Spur,2008,199,74
Mahle OC 328,Dolz,Amortiguadore,Datsun/Nissan Z-car,1990,125,38
Mahle OC 328,Akebono,Discos de frenos,Elantra,1994,155,35
Denso K20R,Michelin,Filtro de aire,i-MiEV,2012,363,68
Mann-Filter W 920/3,Akebono,Discos de frenos,TL,2001,207,31
NGK BKR6E,SKF,Correa de distribucion,Allroad,2002,179,96
K&N RF-1000,Champion,Muelles,Grand Prix,1990,382,87
Bosch F026400163,Mahle,Muelles,MKX,2008,72,30
Bosch F026400244,Mahle,Liquido de frenos,1500 Club Coupe,1992,151,58
Fram CA10347,Mahle,Correa de distribucion,CR-V,2010,368,24
Bosch F026400244,Energizer,Bujias,Sierra,2012,242,92
Mahle OC 328,Akebono,Liquido de frenos,Corolla,1998,108,55
Denso K20R,Brembo,Correa de distribucion,Tracker,1996,390,44
Bosch F026400244,Magneti Marelli,Filtro de aceite,Galant,1996,224,21
Bosch F026400163,Champion,Baterias,Protege,1997,100,71
Fram CA10347,Akebono,Pastillas de freno,Econoline E150,1999,135,21
Denso K20R,Akebono,Muelles,xB,2008,150,96
Mahle OC 328,NGK,Baterias,Lancer,2006,82,1
Bosch FR7DC,Luk,Filtro de aire,Defender 90,1995,466,26
Bosch FR7DC,Michelin,Filtro de aire,Tribute,2011,63,95
Bosch F026400163,Valeo,Filtro de aire,Legacy,2002,394,63
Mann-Filter W 920/3,Mahle,Muelles,Mirage,1990,229,10
Fram CA10347,Mahle,Discos de frenos,Alpina B7,2008,259,69
Bosch FR7DC,Valeo,Correa de distribucion,Sedona,2010,410,60
Fram CA10347,Akebono,Bujias,S4,2011,263,25
Mahle OC 328,Bosch,Bomba de agua,GL-Class,2008,78,38
Mann-Filter W 920/3,Fram,Muelles,Cabriolet,1987,466,14
NGK BKR6E,Gates,Filtro de aceite,Landaulet,2011,177,66
Mann-Filter W 920/3,Dayco,Pastillas de freno,Cooper,2009,163,29
Fram CA10347,Luk,Bomba de agua,740,1992,151,7
Bosch F026400244,Dolz,Correa de distribucion,ZDX,2012,205,86
Bosch FR7DC,Champion,Rotulas,E-Class,1995,74,88
Bosch F026400163,Luk,Baterias,Escape,2008,409,70
NGK BKR6E,NGK,Bomba de agua,Tracker,1998,341,37
Bosch FR7DC,Denso,Pastillas de freno,XC90,2005,222,77
Bosch FR7DC,Fram,Rotulas,Escape,2002,196,95
Bosch F026400163,Champion,Pastillas de freno,Astro,1998,369,7
Bosch FR7DC,Energizer,Rotulas,Corvette,1989,407,12
Denso K20R,Champion,Pastillas de freno,Endeavor,2004,266,64
Bosch F026400244,Brembo,Baterias,Clubman,2009,302,86
Bosch F026400244,Valeo,Liquido de frenos,300SE,1993,433,30
Mann-Filter W 920/3,Duracell,Bomba de agua,GLC,1984,240,72
NGK BKR6E,Magneti Marelli,Liquido de frenos,CR-V,1997,242,28
Bosch FR7DC,Duracell,Bomba de agua,DeVille,1997,338,48
K&N RF-1000,Denso,Bujias,Forester,2002,281,1
Mahle OC 328,Continental,Correa de distribucion,Milan,2007,258,95
Bosch FR7DC,INA,Muelles,Legacy,2005,496,83
Fram CA10347,SKF,Amortiguadore,B-Series,1989,364,48
Denso K20R,Bosch,Discos de frenos,Mustang,2013,192,96
Fram CA10347,Dayco,Filtro de aceite,E-Class,2002,192,1
Bosch F026400163,Dolz,Correa de distribucion,SLR McLaren,2006,260,25
Bosch FR7DC,SKF,Filtro de aceite,Challenger,1997,448,93
Mahle OC 328,Energizer,Amortiguadore,Civic,2003,85,46
K&N RF-1000,Continental,Bomba de agua,Explorer,2001,299,84
Bosch F026400163,Dayco,Muelles,GTI,1997,135,100
Denso K20R,Dolz,Amortiguadore,E-Class,1986,235,60
K&N RF-1000,Dolz,Bomba de agua,Dakota,1995,488,87
K&N RF-1000,Champion,Rotulas,Century,1989,432,33
NGK BKR6E,Michelin,Bujias,Maxima,1994,322,100
Mann-Filter W 920/3,Michelin,Discos de frenos,Eos,2007,73,34
Fram CA10347,Dayco,Bomba de agua,350Z,2008,240,11
Mahle OC 328,Dayco,Bujias,Suburban 1500,1997,272,97
NGK BKR6E,Michelin,Filtro de aire,Prelude,2000,70,65
Denso K20R,Denso,Baterias,SL-Class,2000,179,17
Bosch F026400163,Dolz,Filtro de aire,Century,1995,473,58
Fram CA10347,Duracell,Pastillas de freno,Cordia,1986,243,53
Mann-Filter W 920/3,Dolz,Correa de distribucion,Neon,2001,72,74
Bosch FR7DC,Energizer,Bujias,LS,2005,262,53
Mahle OC 328,Bosch,Discos de frenos,Azure,2010,301,40
NGK BKR6E,INA,Correa de distribucion,LeSabre,2002,452,46
Fram CA10347,Liqui Moly,Filtro de aceite,Cabriolet,1999,383,75
Bosch FR7DC,Luk,Bujias,Camaro,2001,265,98
Mann-Filter W 920/3,Denso,Liquido de frenos,Ram Van 2500,2001,202,81
Bosch F026400163,Energizer,Bomba de agua,Yukon XL 1500,2009,98,88
Mahle OC 328,Liqui Moly,Bujias,Suburban 1500,1999,122,32
Fram CA10347,NGK,Correa de distribucion,Roadster,2011,120,74
Mann-Filter W 920/3,Energizer,Rotulas,Discovery,2012,320,70
Bosch FR7DC,Akebono,Bujias,Durango,2009,186,13
Mann-Filter W 920/3,Fram,Filtro de aceite,Veracruz,2012,269,45
Denso K20R,Gates,Amortiguadore,Sequoia,2001,195,78
K&N RF-1000,Akebono,Discos de frenos,A6,2001,195,71
Bosch F026400163,Dayco,Muelles,Discovery Series II,2000,274,52
Mann-Filter W 920/3,Luk,Bujias,Boxster,2009,364,37
K&N RF-1000,Valeo,Pastillas de freno,Charger,2011,221,23
NGK BKR6E,Champion,Filtro de aceite,S-Class,1987,178,98
Mahle OC 328,Gates,Amortiguadore,960,1994,425,94
K&N RF-1000,Delphi,Muelles,5 Series,1992,156,51
Mann-Filter W 920/3,Delphi,Discos de frenos,900,1994,89,67
Bosch FR7DC,Gates,Discos de frenos,rio,1998,399,27
Denso K20R,Michelin,Muelles,Golf III,1993,250,45
Fram CA10347,Energizer,Baterias,Range Rover,2006,484,3
Bosch FR7DC,Mahle,Amortiguadore,Accord,2011,420,74
K&N RF-1000,Liqui Moly,Correa de distribucion,New Beetle,1999,483,54
Mahle OC 328,Bosch,Baterias,900,1994,178,35
K&N RF-1000,Brembo,Bujias,F350,2003,145,74
K&N RF-1000,Duracell,Discos de frenos,Econoline E250,1994,251,32
Mahle OC 328,Dayco,Correa de distribucion,5 Series,2010,178,30
Mahle OC 328,SKF,Amortiguadore,Aurora,2001,427,8
Denso K20R,INA,Filtro de aire,A6,2006,437,64
Mann-Filter W 920/3,Luk,Liquido de frenos,Echo,2001,376,45
Bosch F026400163,Mahle,Muelles,Veyron,2011,306,3
Bosch F026400244,Dayco,Bomba de agua,LaCrosse,2010,350,95
Mahle OC 328,Brembo,Pastillas de freno,Legend,1995,169,77
NGK BKR6E,Energizer,Bujias,Safari,1997,263,33
NGK BKR6E,Akebono,Filtro de aire,Avalanche 2500,2003,431,63
NGK BKR6E,Energizer,Bomba de agua,XT,1986,167,47
K&N RF-1000,Delphi,Bujias,Continental,1995,494,8
Denso K20R,INA,Muelles,Challenger,2003,447,34
Fram CA10347,Mahle,Filtro de aire,S8,2001,447,42
NGK BKR6E,Michelin,Correa de distribucion,Contour,1995,139,22
Bosch FR7DC,Denso,Muelles,Maxima,2000,200,70
Bosch FR7DC,NGK,Baterias,Stratus,1996,197,16
Denso K20R,Dolz,Discos de frenos,Reatta,1990,344,13
Fram CA10347,Valeo,Liquido de frenos,Boxster,2012,187,15
Denso K20R,Delphi,Pastillas de freno,Range Rover,1991,389,12
Bosch F026400163,Akebono,Filtro de aceite,Colorado,2006,469,22
Fram CA10347,Energizer,Bujias,Explorer,1997,127,44
NGK BKR6E,Bosch,Muelles,Wrangler,2006,245,53
Mahle OC 328,Akebono,Pastillas de freno,RDX,2012,167,32
Fram CA10347,Energizer,Filtro de aceite,Topaz,1986,437,21
Mann-Filter W 920/3,Dolz,Filtro de aceite,B-Series Plus,1994,206,83
Bosch F026400163,Liqui Moly,Amortiguadore,Silverado,2008,494,81
Denso K20R,Delphi,Discos de frenos,Outlander Sport,2012,69,63
Bosch FR7DC,Gates,Rotulas,Solara,2003,286,77
Denso K20R,Dayco,Filtro de aire,Passat,2009,87,92
Mahle OC 328,Energizer,Muelles,CLK-Class,2007,218,79
Bosch F026400244,Michelin,Rotulas,Caprice,1992,334,6
Bosch FR7DC,Dolz,Discos de frenos,745,2005,320,72
Mann-Filter W 920/3,Gates,Filtro de aire,XR4Ti,1985,106,25
NGK BKR6E,Gates,Amortiguadore,1500,1992,172,22
Bosch F026400244,Mahle,Discos de frenos,Prius,2011,84,80
Bosch F026400244,Mahle,Baterias,Econoline E350,1995,432,21
Fram CA10347,NGK,Correa de distribucion,Colt,1994,54,44
NGK BKR6E,SKF,Pastillas de freno,Comanche,1992,233,97
Denso K20R,Delphi,Liquido de frenos,DB9,2011,324,31
Fram CA10347,Delphi,Bujias,Forenza,2005,220,95
NGK BKR6E,Luk,Filtro de aire,Prizm,1994,272,36
Denso K20R,Brembo,Baterias,XJ,2006,335,61
NGK BKR6E,NGK,Rotulas,H2 SUT,2006,350,38
NGK BKR6E,Luk,Discos de frenos,SVX,1993,296,47
Bosch F026400244,Luk,Bomba de agua,X-90,1998,396,95
Bosch F026400163,Sachs,Bujias,Yukon,1996,127,33
K&N RF-1000,SKF,Liquido de frenos,Town Car,2004,298,19
K&N RF-1000,Delphi,Filtro de aire,Aerostar,1990,302,49
Mahle OC 328,Denso,Muelles,Aerostar,1993,441,99
Bosch F026400163,Sachs,Liquido de frenos,RX-8,2011,98,71
Bosch F026400163,Brembo,Discos de frenos,Silhouette,1995,492,88
Bosch F026400244,Champion,Correa de distribucion,Esperante,2008,250,44
K&N RF-1000,Liqui Moly,Filtro de aire,6000,1985,246,62
K&N RF-1000,NGK,Bomba de agua,3 Series,2006,431,46
NGK BKR6E,Mahle,Baterias,Sedona,2009,465,55
Mahle OC 328,SKF,Amortiguadore,Mustang,2009,69,31
Mahle OC 328,NGK,Bomba de agua,G8,2009,74,49
Bosch F026400244,Dolz,Filtro de aceite,CTS,2012,159,50
Mahle OC 328,Dayco,Baterias,F-Series,1986,343,34
Denso K20R,Magneti Marelli,Pastillas de freno,Elantra,1996,288,91
Bosch F026400163,SKF,Pastillas de freno,Spyder,1990,210,42
Mann-Filter W 920/3,SKF,Bomba de agua,Alero,2001,302,87
Fram CA10347,Fram,Bujias,MR2,2003,431,28
NGK BKR6E,Denso,Filtro de aire,SL-Class,2007,154,96
Denso K20R,Continental,Bujias,9-5,2009,89,96
NGK BKR6E,Dolz,Bomba de agua,Sienna,1998,162,5
NGK BKR6E,Liqui Moly,Muelles,Sportvan G10,1992,437,5
Bosch FR7DC,Delphi,Filtro de aceite,Legacy,1997,397,57
Bosch F026400163,Brembo,Filtro de aire,Continental,1994,97,59
Mann-Filter W 920/3,Energizer,Amortiguadore,Miata MX-5,2011,273,24
Bosch F026400244,Fram,Amortiguadore,Tracer,1993,318,99
Bosch FR7DC,Dolz,Correa de distribucion,Mustang,1996,244,89
Fram CA10347,Denso,Rotulas,Legend,1987,240,93
Fram CA10347,Mahle,Bujias,Yukon XL,2006,286,24
Bosch FR7DC,Fram,Baterias,Beetle,1967,274,71
Denso K20R,Luk,Muelles,TT,2002,423,81
K&N RF-1000,Valeo,Correa de distribucion,PT Cruiser,2010,383,51
Denso K20R,Bosch,Amortiguadore,240,1992,415,76
Mann-Filter W 920/3,Champion,Correa de distribucion,Grand Caravan,2008,183,45
Mahle OC 328,Sachs,Amortiguadore,M,2012,382,90
Bosch F026400244,Akebono,Liquido de frenos,GS,2002,314,93
Bosch F026400163,Bosch,Amortiguadore,SRX,2011,132,43
K&N RF-1000,SKF,Bujias,Mark VIII,1996,195,4
Bosch F026400244,Gates,Filtro de aceite,Dakota,2011,154,91
NGK BKR6E,NGK,Pastillas de freno,Sunfire,2003,78,57
Bosch F026400163,NGK,Liquido de frenos,Fleetwood,1993,274,4
Bosch FR7DC,Michelin,Rotulas,Sephia,2001,480,100
Bosch F026400244,Duracell,Pastillas de freno,LUV,1979,437,84
Mahle OC 328,Fram,Muelles,Liberty,2005,343,50
Bosch FR7DC,Duracell,Bujias,Crown Victoria,2000,411,18
Bosch FR7DC,Mahle,Liquido de frenos,Miata MX-5,2010,281,91
Bosch F026400244,Delphi,Filtro de aire,Corvette,2008,210,61
Bosch F026400163,Sachs,Discos de frenos,2500,1993,455,7
NGK BKR6E,NGK,Correa de distribucion,Sentra,1994,181,23
Denso K20R,Sachs,Bujias,Crosstour,2012,407,87
Fram CA10347,Valeo,Filtro de aceite,Cabriolet,1998,343,36
Fram CA10347,Akebono,Bujias,Sportvan G20,1994,429,53
Bosch FR7DC,Valeo,Bomba de agua,M-Class,2006,387,18
Bosch F026400163,Akebono,Rotulas,MPV,2003,93,19
Bosch F026400244,Gates,Discos de frenos,Maxima,2002,456,41
Mahle OC 328,INA,Pastillas de freno,Spectra,2000,299,73
Bosch FR7DC,Continental,Filtro de aire,Town Car,2007,319,74
NGK BKR6E,Brembo,Liquido de frenos,TSX,2007,139,21
NGK BKR6E,Fram,Bomba de agua,Century,1984,239,92
Denso K20R,Energizer,Muelles,Diamante,1998,308,66
K&N RF-1000,Dolz,Bomba de agua,Dakota,1994,399,1
Mahle OC 328,Delphi,Liquido de frenos,500E,1993,180,27
K&N RF-1000,INA,Baterias,Savana 3500,2004,179,22
K&N RF-1000,Valeo,Rotulas,1500,1994,74,36
K&N RF-1000,Fram,Baterias,Mazda6 5-Door,2006,371,96
Bosch F026400244,Mahle,Bomba de agua,Leone,1987,456,24
Bosch F026400244,Magneti Marelli,Pastillas de freno,Taurus,2001,233,3
K&N RF-1000,Valeo,Bomba de agua,Sportvan G30,1994,254,93
NGK BKR6E,Bosch,Muelles,240SX,1994,400,11
Denso K20R,NGK,Amortiguadore,G55 AMG,2006,277,96
Mann-Filter W 920/3,Liqui Moly,Pastillas de freno,745,2005,463,12
Denso K20R,Liqui Moly,Bomba de agua,Accord,1996,277,9
Bosch FR7DC,Valeo,Correa de distribucion,New Beetle,2005,58,57
Fram CA10347,Brembo,Amortiguadore,F350,2009,111,31
Bosch F026400244,Fram,Pastillas de freno,Outback,2012,443,91
K&N RF-1000,Fram,Filtro de aceite,Milan,2009,359,99
NGK BKR6E,Brembo,Muelles,Xterra,2012,419,78
NGK BKR6E,Michelin,Bujias,Civic,2011,146,14
Bosch F026400163,Brembo,Correa de distribucion,Eclipse,2002,86,26
Fram CA10347,Bosch,Correa de distribucion,G,1996,388,84
Bosch F026400163,Delphi,Muelles,Protege,1997,266,89
Mahle OC 328,Brembo,Muelles,Corvette,1957,80,8
K&N RF-1000,Bosch,Baterias,Jetta,2005,283,85
Bosch F026400163,Magneti Marelli,Rotulas,Avenger,1998,460,75
Bosch FR7DC,Luk,Pastillas de freno,Civic,1991,457,57
Bosch F026400244,Luk,Baterias,Escalade ESV,2008,366,48
Bosch FR7DC,Energizer,Rotulas,GS,1998,112,59
Fram CA10347,Continental,Discos de frenos,Escort,1994,256,31
NGK BKR6E,Champion,Pastillas de freno,LeSabre,1998,360,61
Denso K20R,Gates,Discos de frenos,SLS AMG,2012,359,72
Mann-Filter W 920/3,Sachs,Correa de distribucion,Durango,1998,82,98
Denso K20R,Liqui Moly,Pastillas de freno,RX-7,1991,181,54
K&N RF-1000,Denso,Filtro de aceite,Grand Prix,2004,299,22
Bosch FR7DC,Fram,Filtro de aire,Lucerne,2009,187,94
K&N RF-1000,Denso,Liquido de frenos,Mark VIII,1997,342,64
Mann-Filter W 920/3,Fram,Filtro de aceite,Xterra,2009,454,52
Bosch FR7DC,Luk,Liquido de frenos,B-Series,1994,131,29
Bosch FR7DC,Duracell,Rotulas,Jetta,1997,171,34
Mahle OC 328,Fram,Baterias,Commander,2007,449,93
Mann-Filter W 920/3,Fram,Pastillas de freno,Omni,1978,216,29
Mann-Filter W 920/3,Dolz,Correa de distribucion,Q,2002,397,1
Mann-Filter W 920/3,Valeo,Amortiguadore,SL-Class,2009,442,81
Mann-Filter W 920/3,Sachs,Muelles,Jimmy,2001,499,2
NGK BKR6E,Continental,Muelles,NSX,1994,305,35
Denso K20R,Luk,Correa de distribucion,Coachbuilder,1995,454,55
Fram CA10347,Bosch,Bujias,G,2004,108,63
Denso K20R,SKF,Bomba de agua,Savana,2009,182,27
K&N RF-1000,Brembo,Bujias,Stratus,2004,310,96
Bosch FR7DC,Energizer,Bomba de agua,Ranger,1998,429,71
Fram CA10347,Delphi,Pastillas de freno,Cabriolet,2002,437,63
Denso K20R,Energizer,Discos de frenos,A4,1999,161,77
Bosch FR7DC,Bosch,Filtro de aire,Alero,1999,194,32
Mahle OC 328,Dolz,Filtro de aceite,Park Avenue,1995,395,43
Mahle OC 328,Brembo,Baterias,Sierra 3500,2004,440,100
Fram CA10347,Michelin,Bomba de agua,Cooper,2007,329,5
Mann-Filter W 920/3,INA,Liquido de frenos,Land Cruiser,2005,197,71
Denso K20R,Michelin,Liquido de frenos,X5 M,2010,172,6
NGK BKR6E,Michelin,Bomba de agua,Mirage,1998,185,14
Mahle OC 328,Duracell,Muelles,XC60,2010,97,89
NGK BKR6E,Akebono,Amortiguadore,Sentra,2005,90,80
Fram CA10347,Sachs,Muelles,Cherokee,2000,149,87
Mahle OC 328,Luk,Rotulas,Firebird,1990,193,86
Denso K20R,Mahle,Bomba de agua,F350,2003,125,66
Mann-Filter W 920/3,Mahle,Baterias,Spider,1992,239,73
K&N RF-1000,Michelin,Correa de distribucion,Riviera,1993,284,54
Fram CA10347,Liqui Moly,Liquido de frenos,Highlander,2010,412,94
Bosch F026400244,Delphi,Filtro de aceite,1500,1999,485,73
Bosch FR7DC,Duracell,Liquido de frenos,Miata MX-5,2002,254,85
Denso K20R,INA,Filtro de aire,Suburban 2500,1994,368,3
Denso K20R,Sachs,Baterias,Metro,1995,224,21
Bosch F026400244,Mahle,Bomba de agua,Millenia,1995,306,73
Mahle OC 328,Brembo,Filtro de aceite,Suburban 2500,2008,64,47
Mann-Filter W 920/3,Delphi,Discos de frenos,SC,1999,175,69
Bosch F026400163,Continental,Bomba de agua,V70,2008,90,28
NGK BKR6E,Gates,Liquido de frenos,LS,2006,81,55
Bosch F026400163,SKF,Liquido de frenos,QX,2008,245,65
Bosch FR7DC,Bosch,Discos de frenos,CX-7,2010,75,38
Bosch F026400244,Dolz,Bomba de agua,Grand Cherokee,2006,172,99
Mann-Filter W 920/3,Liqui Moly,Bujias,Econoline E150,1999,457,35
Mann-Filter W 920/3,Champion,Bomba de agua,458 Italia,2012,107,27
Bosch F026400244,Luk,Bomba de agua,Ram 2500 Club,1996,269,49
Fram CA10347,Champion,Correa de distribucion,Eurovan,1994,169,57
Fram CA10347,Champion,Filtro de aire,Prelude,2000,438,68
Fram CA10347,Akebono,Bomba de agua,Sonata,2000,285,60
Fram CA10347,Duracell,Liquido de frenos,Sentra,2010,187,25
Mahle OC 328,Brembo,Correa de distribucion,Coachbuilder,1994,289,28
Bosch F026400244,INA,Pastillas de freno,Vandura 2500,1993,496,63
Bosch F026400163,Michelin,Rotulas,Rocky,1992,302,27
Mann-Filter W 920/3,Energizer,Muelles,Boxster,2004,404,3
Fram CA10347,Mahle,Filtro de aceite,1500 Club Coupe,1999,283,75
Bosch F026400163,Energizer,Pastillas de freno,A4,2004,446,7
Fram CA10347,NGK,Muelles,i-350,2006,158,89
Bosch F026400163,Denso,Liquido de frenos,M5,2002,124,96
NGK BKR6E,Liqui Moly,Bomba de agua,400SE,1992,337,28
K&N RF-1000,Gates,Liquido de frenos,CL-Class,2005,150,72
K&N RF-1000,Bosch,Pastillas de freno,XF,2012,176,82
Bosch F026400244,NGK,Amortiguadore,300TE,1992,361,61
Mahle OC 328,Dayco,Filtro de aceite,Ascender,2005,311,22
Mahle OC 328,SKF,Bujias,RL,2008,167,98
Bosch F026400244,Michelin,Pastillas de freno,Azera,2011,114,40
Mann-Filter W 920/3,Energizer,Baterias,5000S,1984,148,95
K&N RF-1000,Luk,Muelles,Grand Am,1986,340,32
Denso K20R,Fram,Rotulas,Elantra,1993,466,84
Fram CA10347,Dolz,Amortiguadore,XJ Series,2002,207,8
Mann-Filter W 920/3,Duracell,Discos de frenos,MKT,2012,334,45
Mahle OC 328,Sachs,Bujias,Touareg,2012,115,49
Denso K20R,Delphi,Muelles,Camry Hybrid,2008,175,57
Fram CA10347,Valeo,Bomba de agua,Viper,2005,141,54
NGK BKR6E,Delphi,Filtro de aire,Discovery,2001,269,88
Mahle OC 328,INA,Rotulas,A3,2009,454,30
K&N RF-1000,INA,Pastillas de freno,Escape,2000,270,3
Bosch F026400163,Dayco,Amortiguadore,Caliber,2011,243,22
Fram CA10347,Bosch,Liquido de frenos,E250,2004,105,2
K&N RF-1000,SKF,Liquido de frenos,Avalon,2006,196,94
Fram CA10347,Brembo,Rotulas,960,1997,305,32
Bosch FR7DC,SKF,Bujias,Savana 3500,1999,440,30
K&N RF-1000,Duracell,Discos de frenos,928,1985,165,60
Fram CA10347,Liqui Moly,Correa de distribucion,C-Class,2002,192,85
Denso K20R,Brembo,Amortiguadore,Camaro,1975,332,95
NGK BKR6E,NGK,Rotulas,9000,1997,361,4
Mann-Filter W 920/3,Liqui Moly,Filtro de aceite,Ranger,2005,94,28
Bosch FR7DC,Sachs,Filtro de aire,Montero,1996,340,38
Bosch FR7DC,Delphi,Bomba de agua,Elantra,2001,331,18
Bosch F026400244,Bosch,Rotulas,V70,2000,350,68
Bosch F026400163,SKF,Discos de frenos,Escalade ESV,2009,123,75
K&N RF-1000,Sachs,Bujias,APV,1992,111,87
Denso K20R,Liqui Moly,Filtro de aceite,2500,1996,368,64
Mahle OC 328,Fram,Correa de distribucion,Cougar,2000,151,30
Fram CA10347,Brembo,Correa de distribucion,Sunfire,2000,272,42
K&N RF-1000,Valeo,Filtro de aceite,Type 2,1986,444,12
Fram CA10347,Sachs,Filtro de aceite,B2600,1987,390,72
K&N RF-1000,Denso,Bomba de agua,Expedition,1999,129,76
Bosch F026400163,SKF,Muelles,Silverado 1500,2006,256,62
Bosch F026400244,Fram,Muelles,F250,2009,394,86
NGK BKR6E,INA,Rotulas,Grand Voyager,1995,203,1
NGK BKR6E,Energizer,Pastillas de freno,GX,2009,183,51
NGK BKR6E,Delphi,Pastillas de freno,Sierra 2500HD,2006,477,2
Fram CA10347,Mahle,Correa de distribucion,MX-3,1996,483,57
Bosch F026400244,Magneti Marelli,Discos de frenos,Miata MX-5,2007,117,78
Denso K20R,Gates,Bujias,Mountaineer,2010,337,60
NGK BKR6E,INA,Filtro de aire,Celica,2005,309,50
Bosch FR7DC,Champion,Bomba de agua,Justy,1993,398,26
Mahle OC 328,INA,Correa de distribucion,Sprinter,2010,184,32
Bosch F026400163,Brembo,Muelles,Montero Sport,2001,200,54
Bosch F026400163,NGK,Discos de frenos,Z3,1996,153,35
NGK BKR6E,Luk,Bujias,Tempo,1993,417,63
NGK BKR6E,Sachs,Bujias,Continental,2007,249,26
Bosch FR7DC,Energizer,Rotulas,Probe,1991,189,15
Mahle OC 328,Dolz,Baterias,Thunderbird,1977,98,95
Fram CA10347,Sachs,Pastillas de freno,Corolla,1997,441,26
Bosch FR7DC,Liqui Moly,Bomba de agua,Murci√©lago,2008,258,85
Denso K20R,Fram,Pastillas de freno,XL7,2008,108,16
K&N RF-1000,Akebono,Discos de frenos,Yukon,2011,241,19
Bosch F026400244,Magneti Marelli,Baterias,Electra,1990,444,72
Fram CA10347,Luk,Filtro de aceite,Tacoma,2005,232,98
Fram CA10347,Dayco,Liquido de frenos,M5,2002,154,72
Fram CA10347,Mahle,Pastillas de freno,Aerio,2007,359,71
Mahle OC 328,Sachs,Filtro de aire,GTI,2003,447,22
Bosch F026400163,INA,Pastillas de freno,Escalade EXT,2004,227,54
NGK BKR6E,Delphi,Discos de frenos,LTD Crown Victoria,1988,319,46
NGK BKR6E,Mahle,Filtro de aceite,370Z,2009,167,39
NGK BKR6E,Valeo,Rotulas,Ram 3500 Club,1997,365,93
NGK BKR6E,Magneti Marelli,Rotulas,Prius,2005,389,63
Bosch F026400244,Luk,Bomba de agua,Suburban 2500,2004,395,60
Mahle OC 328,Sachs,Correa de distribucion,XC90,2013,408,90
Bosch F026400163,Duracell,Liquido de frenos,Leganza,2001,256,41
K&N RF-1000,Akebono,Rotulas,X3,2011,339,74
Mann-Filter W 920/3,INA,Rotulas,xD,2010,160,63
NGK BKR6E,Champion,Discos de frenos,Impala,1994,186,16
Mahle OC 328,Valeo,Correa de distribucion,Excursion,2005,361,84
Bosch FR7DC,Mahle,Filtro de aceite,100,1989,377,62
Mann-Filter W 920/3,Sachs,Filtro de aceite,Matrix,2008,459,46
K&N RF-1000,Luk,Discos de frenos,3 Series,1993,376,65
Bosch FR7DC,Sachs,Amortiguadore,CX-9,2008,220,46
Bosch F026400244,Bosch,Filtro de aceite,Probe,1993,343,48
Mahle OC 328,INA,Correa de distribucion,Legacy,1995,472,13
Bosch F026400244,Magneti Marelli,Pastillas de freno,Torrent,2007,455,59
NGK BKR6E,Continental,Filtro de aire,300ZX,1991,424,1
K&N RF-1000,Michelin,Amortiguadore,Town & Country,2002,224,40
Denso K20R,Luk,Bomba de agua,F-Series Super Duty,2009,86,53
K&N RF-1000,Delphi,Pastillas de freno,Thunderbird,1989,389,75
Fram CA10347,Fram,Discos de frenos,928,1985,369,26
Fram CA10347,INA,Liquido de frenos,Suburban 2500,2006,232,3
NGK BKR6E,INA,Baterias,Electra,1988,399,60
Bosch FR7DC,Champion,Bujias,Bronco,1990,288,79
NGK BKR6E,Dayco,Discos de frenos,MKX,2008,67,2
K&N RF-1000,Dayco,Pastillas de freno,Esprit,2000,127,33
Mann-Filter W 920/3,Continental,Baterias,Tacoma Xtra,2001,51,86
Mann-Filter W 920/3,Bosch,Muelles,Prius,2002,171,9
Bosch F026400244,Fram,Baterias,Pathfinder,2007,465,86
Mahle OC 328,Gates,Discos de frenos,CLK-Class,2005,301,82
Bosch F026400163,Gates,Discos de frenos,Caravan,2010,498,83
Bosch F026400244,Mahle,Bujias,SX4,2008,288,19
Fram CA10347,Dayco,Correa de distribucion,Yukon XL 2500,2002,171,79
K&N RF-1000,Energizer,Filtro de aire,MX-5,2001,215,20
Denso K20R,Continental,Liquido de frenos,S8,2001,147,39
K&N RF-1000,Magneti Marelli,Bujias,Tahoe,2007,343,97
NGK BKR6E,NGK,Amortiguadore,Civic,2005,362,41
Bosch F026400244,Sachs,Correa de distribucion,Ram 2500 Club,1996,136,35
Bosch F026400163,Akebono,Liquido de frenos,Eclipse,1995,242,22
Bosch F026400163,Michelin,Discos de frenos,LeSabre,2002,235,9
NGK BKR6E,Dolz,Bomba de agua,Grand Marquis,2005,236,56
Mann-Filter W 920/3,Luk,Baterias,X3,2007,149,75
Bosch FR7DC,Gates,Filtro de aceite,Skyhawk,1985,111,73
Bosch FR7DC,Duracell,Amortiguadore,M3,2009,273,71
Fram CA10347,Brembo,Bujias,Esprit,1986,462,30
Bosch F026400244,Gates,Correa de distribucion,Optima,2010,357,68
Mahle OC 328,INA,Discos de frenos,F350,2011,124,17
Bosch F026400163,Delphi,Rotulas,Savana 3500,2008,280,58
Denso K20R,Gates,Liquido de frenos,Mirage,1998,68,62
Fram CA10347,Dayco,Filtro de aceite,M-Class,2005,152,50
K&N RF-1000,Champion,Rotulas,Diamante,1993,79,4
NGK BKR6E,Fram,Baterias,Taurus,1990,317,61
Fram CA10347,Liqui Moly,Filtro de aceite,Navigator,2006,259,83
Mann-Filter W 920/3,Dayco,Muelles,Freestyle,2007,174,88
Mann-Filter W 920/3,Fram,Discos de frenos,Tracer,1997,471,4
Mahle OC 328,Mahle,Discos de frenos,911,2007,105,44
Denso K20R,Luk,Muelles,Xterra,2002,198,48
NGK BKR6E,Delphi,Discos de frenos,Expedition EL,2010,376,72
Mahle OC 328,Denso,Bujias,XJ Series,1998,58,76
Bosch FR7DC,Akebono,Correa de distribucion,Roadmaster,1993,253,14
Fram CA10347,Denso,Correa de distribucion,Aerostar,1997,434,14
Bosch F026400163,Luk,Pastillas de freno,Corvette,1996,448,60
Bosch F026400163,Dayco,Bujias,Cayman,2007,247,84
Bosch FR7DC,Bosch,Liquido de frenos,Sienna,2002,108,99
Mann-Filter W 920/3,Fram,Bujias,Regal,1996,473,99
Denso K20R,Dolz,Correa de distribucion,Yukon XL 1500,2011,242,5
Mahle OC 328,Energizer,Muelles,Sonoma,1993,151,11
Mahle OC 328,Michelin,Filtro de aceite,PT Cruiser,2007,300,41
Denso K20R,Dolz,Rotulas,Avalon,2001,425,17
Mann-Filter W 920/3,Sachs,Rotulas,164,1994,460,55
